Country Name,Country Code,2015 [YR2015],2019 [YR2019]
Albania,ALB,27.0693224620319,30.9361224858484
Andorra,AND,..,..
Angola,AGO,29.7545979506807,40.7907550532833
Ukraine,UKR,52.5976795082231,41.2316912560049
Zambia,ZMB,37.1385258014734,34.6361926031881
